"Data Source","World Development Indicators",

"Last Updated Date","2021-12-16",

"Country Name","Country Code","Indicator Name","Indicator Code","1960","1961","1962","1963","1964","1965","1966","1967","1968","1969","1970","1971","1972","1973","1974","1975","1976","1977","1978","1979","1980","1981","1982","1983","1984","1985","1986","1987","1988","1989","1990","1991","1992","1993","1994","1995","1996","1997","1998","1999","2000","2001","2002","2003","2004","2005","2006","2007","2008","2009","2010","2011","2012","2013","2014","2015","2016","2017","2018","2019","2020",
"Aruba","ABW","Logistics performance index: Ease of arranging competitively priced shipments (1=low to 5=high)","LP.LPI.ITRN.XQ","","","","","","","","","","","","","","","","","","","","","","","","","","","","","","","","","","","","","","","","","","","","","","","","","","","","","","","","","","","","","",
"Africa Eastern and Southern","AFE","Logistics performance index: Ease of arranging competitively priced shipments (1=low to 5=high)","LP.LPI.ITRN.XQ","","","","","","","","","","","","","","","","","","","","","","","","","","","","","","","","","","","","","","","","","","","","","","","","2.41904761904762","","","2.53888888888889","","2.43157894736842","","2.46855481818182","","2.57817076190476","","2.52388888888889","","",
"Afghanistan","AFG","Logistics performance index: Ease of arranging competitively priced shipments (1=low to 5=high)","LP.LPI.ITRN.XQ","","","","","","","","","","","","","","","","","","","","","","","","","","","","","","","","","","","","","","","","","","","","","","","","1.22","","","2.24","","2.33","","1.986686","","2.375026","","2.1","","",
"Africa Western and Central","AFW","Logistics performance index: Ease of arranging competitively priced shipments (1=low to 5=high)","LP.LPI.ITRN.XQ","","","","","","","","","","","","","","","","","","","","","","","","","","","","","","","","","","","","","","","","","","","","","","","","2.295","","","2.47111111111111","","2.52055555555556","","2.49232035","","2.38714852631579","","2.51857142857143","","",
"Angola","AGO","Logistics performance index: Ease of arranging competitively priced shipments (1=low to 5=high)","LP.LPI.ITRN.XQ","","","","","","","","","","","","","","","","","","","","","","","","","","","","","","","","","","","","","","","","","","","","","","","","2.5","","","2.38","","2.26","","2.789474","","2.370738","","2.2","","",
"Albania","ALB","Logistics performance index: Ease of arranging competitively priced shipments (1=low to 5=high)","LP.LPI.ITRN.XQ","","","","","","","","","","","","","","","","","","","","","","","","","","","","","","","","","","","","","","","","","","","","","","","","2.33","","","2.64","","2.84","","","","2.484833","","2.82","","",
"Andorra","AND","Logistics performance index: Ease of arranging competitively priced shipments (1=low to 5=high)","LP.LPI.ITRN.XQ","","","","","","","","","","","","","","","","","","","","","","","","","","","","","","","","","","","","","","","","","","","","","","","","","","","","","","","","","","","","","",
"Arab World","ARB","Logistics performance index: Ease of arranging competitively priced shipments (1=low to 5=high)","LP.LPI.ITRN.XQ","","","","","","","","","","","","","","","","","","","","","","","","","","","","","","","","","","","","","","","","","","","","","","","","2.59526315789474","","","2.65105263157895","","2.6905","","2.60790525","","2.80410765","","2.67857142857143","","",
"United Arab Emirates","ARE","Logistics performance index: Ease of arranging competitively priced shipments (1=low to 5=high)","LP.LPI.ITRN.XQ","","","","","","","","","","","","","","","","","","","","","","","","","","","","","","","","","","","","","","","","","","","","","","","","3.68","","","3.48","","3.59","","3.200965","","3.893777","","3.85","","",
"Argentina","ARG","Logistics performance index: Ease of arranging competitively priced shipments (1=low to 5=high)","LP.LPI.ITRN.XQ","","","","","","","","","","","","","","","","","","","","","","","","","","","","","","","","","","","","","","","","","","","","","","","","2.97","","","3.15","","3.33","","2.957428","","2.759638","","2.92","","",
"Armenia","ARM","Logistics performance index: Ease of arranging competitively priced shipments (1=low to 5=high)","LP.LPI.ITRN.XQ","","","","","","","","","","","","","","","","","","","","","","","","","","","","","","","","","","","","","","","","","","","","","","","","2","","","2.43","","2.65","","2.75","","2.215145","","2.65","","",
"American Samoa","ASM","Logistics performance index: Ease of arranging competitively priced shipments (1=low to 5=high)","LP.LPI.ITRN.XQ","","","","","","","","","","","","","","","","","","","","","","","","","","","","","","","","","","","","","","","","","","","","","","","","","","","","","","","","","","","","","",
"Antigua and Barbuda","ATG","Logistics performance index: Ease of arranging competitively priced shipments (1=low to 5=high)","LP.LPI.ITRN.XQ","","","","","","","","","","","","","","","","","","","","","","","","","","","","","","","","","","","","","","","","","","","","","","","","","","","","","","","","","","","","","",
"Australia","AUS","Logistics performance index: Ease of arranging competitively priced shipments (1=low to 5=high)","LP.LPI.ITRN.XQ","","","","","","","","","","","","","","","","","","","","","","","","","","","","","","","","","","","","","","","","","","","","","","","","3.72","","","3.78","","3.4","","3.518525","","3.633604","","3.25","","",
"Austria","AUT","Logistics performance index: Ease of arranging competitively priced shipments (1=low to 5=high)","LP.LPI.ITRN.XQ","","","","","","","","","","","","","","","","","","","","","","","","","","","","","","","","","","","","","","","","","","","","","","","","3.97","","","3.78","","3.71","","3.26111","","3.850089","","3.88","","",
"Azerbaijan","AZE","Logistics performance index: Ease of arranging competitively priced shipments (1=low to 5=high)","LP.LPI.ITRN.XQ","","","","","","","","","","","","","","","","","","","","","","","","","","","","","","","","","","","","","","","","","","","","","","","","2.5","","","3.05","","2.43","","2.571429","","","","","","",
"Burundi","BDI","Logistics performance index: Ease of arranging competitively priced shipments (1=low to 5=high)","LP.LPI.ITRN.XQ","","","","","","","","","","","","","","","","","","","","","","","","","","","","","","","","","","","","","","","","","","","","","","","","2.5","","","","","1.57","","2.6","","2.41805","","2.21","","",
"Belgium","BEL","Logistics performance index: Ease of arranging competitively priced shipments (1=low to 5=high)","LP.LPI.ITRN.XQ","","","","","","","","","","","","","","","","","","","","","","","","","","","","","","","","","","","","","","","","","","","","","","","","3.65","","","3.31","","3.73","","3.797858","","4.050997","","3.99","","",
"Benin","BEN","Logistics performance index: Ease of arranging competitively priced shipments (1=low to 5=high)","LP.LPI.ITRN.XQ","","","","","","","","","","","","","","","","","","","","","","","","","","","","","","","","","","","","","","","","","","","","","","","","2.78","","","2.65","","2.44","","2.689394","","2.549231","","2.73","","",
"Burkina Faso","BFA","Logistics performance index: Ease of arranging competitively priced shipments (1=low to 5=high)","LP.LPI.ITRN.XQ","","","","","","","","","","","","","","","","","","","","","","","","","","","","","","","","","","","","","","","","","","","","","","","","2.67","","","1.73","","2.33","","2.633929","","2.731143","","2.92","","",
"Bangladesh","BGD","Logistics performance index: Ease of arranging competitively priced shipments (1=low to 5=high)","LP.LPI.ITRN.XQ","","","","","","","","","","","","","","","","","","","","","","","","","","","","","","","","","","","","","","","","","","","","","","","","2.46","","","2.99","","","","2.818182","","2.73","","2.56","","",
"Bulgaria","BGR","Logistics performance index: Ease of arranging competitively priced shipments (1=low to 5=high)","LP.LPI.ITRN.XQ","","","","","","","","","","","","","","","","","","","","","","","","","","","","","","","","","","","","","","","","","","","","","","","","2.79","","","3.07","","3.25","","3.3125","","2.93","","3.23","","",
"Bahrain","BHR","Logistics performance index: Ease of arranging competitively priced shipments (1=low to 5=high)","LP.LPI.ITRN.XQ","","","","","","","","","","","","","","","","","","","","","","","","","","","","","","","","","","","","","","","","","","","","","","","","3.33","","","3.05","","2.83","","3.04","","3.327485","","3.02","","",
"Bahamas, The","BHS","Logistics performance index: Ease of arranging competitively priced shipments (1=low to 5=high)","LP.LPI.ITRN.XQ","","","","","","","","","","","","","","","","","","","","","","","","","","","","","","","","","","","","","","","","","","","","","","","","","","","2.69","","2.72","","2.958333","","2.796514","","2.5","","",
"Bosnia and Herzegovina","BIH","Logistics performance index: Ease of arranging competitively priced shipments (1=low to 5=high)","LP.LPI.ITRN.XQ","","","","","","","","","","","","","","","","","","","","","","","","","","","","","","","","","","","","","","","","","","","","","","","","2.5","","","3.1","","3","","2.779526","","2.283082","","2.84","","",
"Belarus","BLR","Logistics performance index: Ease of arranging competitively priced shipments (1=low to 5=high)","LP.LPI.ITRN.XQ","","","","","","","","","","","","","","","","","","","","","","","","","","","","","","","","","","","","","","","","","","","","","","","","2.13","","","","","2.58","","2.744159","","2.624041","","2.31","","",
"Belize","BLZ","Logistics performance index: Ease of arranging competitively priced shipments (1=low to 5=high)","LP.LPI.ITRN.XQ","","","","","","","","","","","","","","","","","","","","","","","","","","","","","","","","","","","","","","","","","","","","","","","","","","","","","","","","","","","","","",
"Bermuda","BMU","Logistics performance index: Ease of arranging competitively priced shipments (1=low to 5=high)","LP.LPI.ITRN.XQ","","","","","","","","","","","","","","","","","","","","","","","","","","","","","","","","","","","","","","","","","","","","","","","","","","","","","","","","","","","","","",
"Bolivia","BOL","Logistics performance index: Ease of arranging competitively priced shipments (1=low to 5=high)","LP.LPI.ITRN.XQ","","","","","","","","","","","","","","","","","","","","","","","","","","","","","","","","","","","","","","","","","","","","","","","","2.42","","","2.53","","2.6","","2.34652","","2.39917","","2.54","","",
"Brazil","BRA","Logistics performance index: Ease of arranging competitively priced shipments (1=low to 5=high)","LP.LPI.ITRN.XQ","","","","","","","","","","","","","","","","","","","","","","","","","","","","","","","","","","","","","","","","","","","","","","","","2.61","","","2.91","","3.12","","2.80475","","2.898932","","2.88","","",
"Barbados","BRB","Logistics performance index: Ease of arranging competitively priced shipments (1=low to 5=high)","LP.LPI.ITRN.XQ","","","","","","","","","","","","","","","","","","","","","","","","","","","","","","","","","","","","","","","","","","","","","","","","","","","","","","","","","","","","","",
"Brunei Darussalam","BRN","Logistics performance index: Ease of arranging competitively priced shipments (1=low to 5=high)","LP.LPI.ITRN.XQ","","","","","","","","","","","","","","","","","","","","","","","","","","","","","","","","","","","","","","","","","","","","","","","","","","","","","","","","","2.997727","","2.51","","",
"Bhutan","BTN","Logistics performance index: Ease of arranging competitively priced shipments (1=low to 5=high)","LP.LPI.ITRN.XQ","","","","","","","","","","","","","","","","","","","","","","","","","","","","","","","","","","","","","","","","","","","","","","","","2.06","","","2.44","","2.61","","2.382645","","2.501299","","1.8","","",
"Botswana","BWA","Logistics performance index: Ease of arranging competitively priced shipments (1=low to 5=high)","LP.LPI.ITRN.XQ","","","","","","","","","","","","","","","","","","","","","","","","","","","","","","","","","","","","","","","","","","","","","","","","","","","1.91","","2.53","","2.417752","","2.908027","","","","",
"Central African Republic","CAF","Logistics performance index: Ease of arranging competitively priced shipments (1=low to 5=high)","LP.LPI.ITRN.XQ","","","","","","","","","","","","","","","","","","","","","","","","","","","","","","","","","","","","","","","","","","","","","","","","","","","","","","","2.160714","","","","2.3","","",
"Canada","CAN","Logistics performance index: Ease of arranging competitively priced shipments (1=low to 5=high)","LP.LPI.ITRN.XQ","","","","","","","","","","","","","","","","","","","","","","","","","","","","","","","","","","","","","","","","","","","","","","","","3.78","","","3.24","","3.55","","3.464442","","3.558343","","3.38","","",
"Central Europe and the Baltics","CEB","Logistics performance index: Ease of arranging competitively priced shipments (1=low to 5=high)","LP.LPI.ITRN.XQ","","","","","","","","","","","","","","","","","","","","","","","","","","","","","","","","","","","","","","","","","","","","","","","","3.01090909090909","","","3.12090909090909","","3.03181818181818","","3.292956","","3.271016","","3.18818181818182","","",
"Switzerland","CHE","Logistics performance index: Ease of arranging competitively priced shipments (1=low to 5=high)","LP.LPI.ITRN.XQ","","","","","","","","","","","","","","","","","","","","","","","","","","","","","","","","","","","","","","","","","","","","","","","","3.67","","","3.32","","3.46","","3.577044","","3.689793","","3.51","","",
"Channel Islands","CHI","Logistics performance index: Ease of arranging competitively priced shipments (1=low to 5=high)","LP.LPI.ITRN.XQ","","","","","","","","","","","","","","","","","","","","","","","","","","","","","","","","","","","","","","","","","","","","","","","","","","","","","","","","","","","","","",
"Chile","CHL","Logistics performance index: Ease of arranging competitively priced shipments (1=low to 5=high)","LP.LPI.ITRN.XQ","","","","","","","","","","","","","","","","","","","","","","","","","","","","","","","","","","","","","","","","","","","","","","","","3.21","","","2.74","","3.06","","3.12169","","3.295692","","3.27","","",
"China","CHN","Logistics performance index: Ease of arranging competitively priced shipments (1=low to 5=high)","LP.LPI.ITRN.XQ","","","","","","","","","","","","","","","","","","","","","","","","","","","","","","","","","","","","","","","","","","","","","","","","3.31","","","3.31","","3.46","","3.503218","","3.704961","","3.54","","",
"Cote d'Ivoire","CIV","Logistics performance index: Ease of arranging competitively priced shipments (1=low to 5=high)","LP.LPI.ITRN.XQ","","","","","","","","","","","","","","","","","","","","","","","","","","","","","","","","","","","","","","","","","","","","","","","","2.13","","","2.44","","2.9","","2.87072","","2.536752","","3.21","","",
"Cameroon","CMR","Logistics performance index: Ease of arranging competitively priced shipments (1=low to 5=high)","LP.LPI.ITRN.XQ","","","","","","","","","","","","","","","","","","","","","","","","","","","","","","","","","","","","","","","","","","","","","","","","2.33","","","2.69","","2.37","","2.195748","","1.983471","","2.87","","",
"Congo, Dem. Rep.","COD","Logistics performance index: Ease of arranging competitively priced shipments (1=low to 5=high)","LP.LPI.ITRN.XQ","","","","","","","","","","","","","","","","","","","","","","","","","","","","","","","","","","","","","","","","","","","","","","","","","","","2.56","","2.23","","1.704951","","2.329195","","2.37","","",
"Congo, Rep.","COG","Logistics performance index: Ease of arranging competitively priced shipments (1=low to 5=high)","LP.LPI.ITRN.XQ","","","","","","","","","","","","","","","","","","","","","","","","","","","","","","","","","","","","","","","","","","","","","","","","","","","2.33","","1.94","","2.166667","","2.373737","","2.87","","",
"Colombia","COL","Logistics performance index: Ease of arranging competitively priced shipments (1=low to 5=high)","LP.LPI.ITRN.XQ","","","","","","","","","","","","","","","","","","","","","","","","","","","","","","","","","","","","","","","","","","","","","","","","2.61","","","2.54","","2.76","","2.717677","","2.550313","","3.19","","",
"Comoros","COM","Logistics performance index: Ease of arranging competitively priced shipments (1=low to 5=high)","LP.LPI.ITRN.XQ","","","","","","","","","","","","","","","","","","","","","","","","","","","","","","","","","","","","","","","","","","","","","","","","2.33","","","2.56","","1.81","","2.511111","","2.57615","","2.49","","",
"Cabo Verde","CPV","Logistics performance index: Ease of arranging competitively priced shipments (1=low to 5=high)","LP.LPI.ITRN.XQ","","","","","","","","","","","","","","","","","","","","","","","","","","","","","","","","","","","","","","","","","","","","","","","","","","","","","","","","","","","","","",
"Costa Rica","CRI","Logistics performance index: Ease of arranging competitively priced shipments (1=low to 5=high)","LP.LPI.ITRN.XQ","","","","","","","","","","","","","","","","","","","","","","","","","","","","","","","","","","","","","","","","","","","","","","","","2.53","","","2.64","","2.85","","2.632331","","2.893244","","2.78","","",
"Caribbean small states","CSS","Logistics performance index: Ease of arranging competitively priced shipments (1=low to 5=high)","LP.LPI.ITRN.XQ","","","","","","","","","","","","","","","","","","","","","","","","","","","","","","","","","","","","","","","","","","","","","","","","1.965","","","2.60666666666667","","2.5","","2.72417266666667","","2.54947775","","2.4475","","",
"Cuba","CUB","Logistics performance index: Ease of arranging competitively priced shipments (1=low to 5=high)","LP.LPI.ITRN.XQ","","","","","","","","","","","","","","","","","","","","","","","","","","","","","","","","","","","","","","","","","","","","","","","","","","","2.32","","2.12","","2.473684","","2.3125","","2.27","","",
"Curacao","CUW","Logistics performance index: Ease of arranging competitively priced shipments (1=low to 5=high)","LP.LPI.ITRN.XQ","","","","","","","","","","","","","","","","","","","","","","","","","","","","","","","","","","","","","","","","","","","","","","","","","","","","","","","","","","","","","",
"Cayman Islands","CYM","Logistics performance index: Ease of arranging competitively priced shipments (1=low to 5=high)","LP.LPI.ITRN.XQ","","","","","","","","","","","","","","","","","","","","","","","","","","","","","","","","","","","","","","","","","","","","","","","","","","","","","","","","","","","","","",
"Cyprus","CYP","Logistics performance index: Ease of arranging competitively priced shipments (1=low to 5=high)","LP.LPI.ITRN.XQ","","","","","","","","","","","","","","","","","","","","","","","","","","","","","","","","","","","","","","","","","","","","","","","","2.92","","","3.13","","3.21","","3.014286","","2.797298","","3.15","","",
"Czech Republic","CZE","Logistics performance index: Ease of arranging competitively priced shipments (1=low to 5=high)","LP.LPI.ITRN.XQ","","","","","","","","","","","","","","","","","","","","","","","","","","","","","","","","","","","","","","","","","","","","","","","","3.06","","","3.42","","3.01","","3.586281","","3.65061","","3.75","","",
"Germany","DEU","Logistics performance index: Ease of arranging competitively priced shipments (1=low to 5=high)","LP.LPI.ITRN.XQ","","","","","","","","","","","","","","","","","","","","","","","","","","","","","","","","","","","","","","","","","","","","","","","","3.91","","","3.66","","3.67","","3.744272","","3.857241","","3.86","","",
"Djibouti","DJI","Logistics performance index: Ease of arranging competitively priced shipments (1=low to 5=high)","LP.LPI.ITRN.XQ","","","","","","","","","","","","","","","","","","","","","","","","","","","","","","","","","","","","","","","","","","","","","","","","2","","","2.5","","1.77","","1.8","","2.480528","","2.45","","",
"Dominica","DMA","Logistics performance index: Ease of arranging competitively priced shipments (1=low to 5=high)","LP.LPI.ITRN.XQ","","","","","","","","","","","","","","","","","","","","","","","","","","","","","","","","","","","","","","","","","","","","","","","","","","","","","","","","","","","","","",
"Denmark","DNK","Logistics performance index: Ease of arranging competitively priced shipments (1=low to 5=high)","LP.LPI.ITRN.XQ","","","","","","","","","","","","","","","","","","","","","","","","","","","","","","","","","","","","","","","","","","","","","","","","3.67","","","3.46","","3.7","","3.649512","","3.658457","","3.53","","",
"Dominican Republic","DOM","Logistics performance index: Ease of arranging competitively priced shipments (1=low to 5=high)","LP.LPI.ITRN.XQ","","","","","","","","","","","","","","","","","","","","","","","","","","","","","","","","","","","","","","","","","","","","","","","","2.34","","","2.59","","2.83","","2.928854","","2.670101","","2.77","","",
"Algeria","DZA","Logistics performance index: Ease of arranging competitively priced shipments (1=low to 5=high)","LP.LPI.ITRN.XQ","","","","","","","","","","","","","","","","","","","","","","","","","","","","","","","","","","","","","","","","","","","","","","","","2","","","2.7","","2.68","","2.540816","","2.801043","","2.39","","",
"East Asia & Pacific (excluding high income)","EAP","Logistics performance index: Ease of arranging competitively priced shipments (1=low to 5=high)","LP.LPI.ITRN.XQ","","","","","","","","","","","","","","","","","","","","","","","","","","","","","","","","","","","","","","","","","","","","","","","","2.63538461538462","","","2.79","","2.76538461538462","","2.87488976923077","","2.80258661538462","","2.82615384615385","","",
"Early-demographic dividend","EAR","Logistics performance index: Ease of arranging competitively priced shipments (1=low to 5=high)","LP.LPI.ITRN.XQ","","","","","","","","","","","","","","","","","","","","","","","","","","","","","","","","","","","","","","","","","","","","","","","","2.4968085106383","","","2.66714285714286","","2.64978723404255","","2.71079424","","2.6834946","","2.61446808510638","","",
"East Asia & Pacific","EAS","Logistics performance index: Ease of arranging competitively priced shipments (1=low to 5=high)","LP.LPI.ITRN.XQ","","","","","","","","","","","","","","","","","","","","","","","","","","","","","","","","","","","","","","","","","","","","","","","","3.0215","","","3.08","","3.0825","","3.1254613","","3.080882","","3.03238095238095","","",
"Europe & Central Asia (excluding high income)","ECA","Logistics performance index: Ease of arranging competitively priced shipments (1=low to 5=high)","LP.LPI.ITRN.XQ","","","","","","","","","","","","","","","","","","","","","","","","","","","","","","","","","","","","","","","","","","","","","","","","2.43117647058824","","","2.86947368421053","","2.64263157894737","","2.78793710526316","","2.5449407368421","","2.68894736842105","","",
"Europe & Central Asia","ECS","Logistics performance index: Ease of arranging competitively priced shipments (1=low to 5=high)","LP.LPI.ITRN.XQ","","","","","","","","","","","","","","","","","","","","","","","","","","","","","","","","","","","","","","","","","","","","","","","","3.01636363636364","","","3.12808510638298","","3.06787234042553","","3.17244642553192","","3.14062057446809","","3.13893617021277","","",
"Ecuador","ECU","Logistics performance index: Ease of arranging competitively priced shipments (1=low to 5=high)","LP.LPI.ITRN.XQ","","","","","","","","","","","","","","","","","","","","","","","","","","","","","","","","","","","","","","","","","","","","","","","","2.64","","","2.86","","2.86","","2.791451","","2.953269","","2.75","","",
"Egypt, Arab Rep.","EGY","Logistics performance index: Ease of arranging competitively priced shipments (1=low to 5=high)","LP.LPI.ITRN.XQ","","","","","","","","","","","","","","","","","","","","","","","","","","","","","","","","","","","","","","","","","","","","","","","","2.33","","","2.56","","3","","2.866667","","3.273261","","2.79","","",
"Euro area","EMU","Logistics performance index: Ease of arranging competitively priced shipments (1=low to 5=high)","LP.LPI.ITRN.XQ","","","","","","","","","","","","","","","","","","","","","","","","","","","","","","","","","","","","","","","","","","","","","","","","3.38555555555556","","","3.27894736842105","","3.37105263157895","","3.40803315789474","","3.50753957894737","","3.40578947368421","","",
"Eritrea","ERI","Logistics performance index: Ease of arranging competitively priced shipments (1=low to 5=high)","LP.LPI.ITRN.XQ","","","","","","","","","","","","","","","","","","","","","","","","","","","","","","","","","","","","","","","","","","","","","","","","2","","","1.63","","2.63","","1.9","","2.160839","","2.09","","",
"Spain","ESP","Logistics performance index: Ease of arranging competitively priced shipments (1=low to 5=high)","LP.LPI.ITRN.XQ","","","","","","","","","","","","","","","","","","","","","","","","","","","","","","","","","","","","","","","","","","","","","","","","3.45","","","3.11","","3.68","","3.505149","","3.631566","","3.83","","",
"Estonia","EST","Logistics performance index: Ease of arranging competitively priced shipments (1=low to 5=high)","LP.LPI.ITRN.XQ","","","","","","","","","","","","","","","","","","","","","","","","","","","","","","","","","","","","","","","","","","","","","","","","2.85","","","3.17","","2.82","","3.338095","","3.07308","","3.26","","",
"Ethiopia","ETH","Logistics performance index: Ease of arranging competitively priced shipments (1=low to 5=high)","LP.LPI.ITRN.XQ","","","","","","","","","","","","","","","","","","","","","","","","","","","","","","","","","","","","","","","","","","","","","","","","2.43","","","2.76","","2.35","","2.5","","2.562729","","","","",
"European Union","EUU","Logistics performance index: Ease of arranging competitively priced shipments (1=low to 5=high)","LP.LPI.ITRN.XQ","","","","","","","","","","","","","","","","","","","","","","","","","","","","","","","","","","","","","","","","","","","","","","","","3.31692307692308","","","3.27","","3.32592592592593","","3.41543585185185","","3.47902722222222","","3.41296296296296","","",
"Fragile and conflict affected situations","FCS","Logistics performance index: Ease of arranging competitively priced shipments (1=low to 5=high)","LP.LPI.ITRN.XQ","","","","","","","","","","","","","","","","","","","","","","","","","","","","","","","","","","","","","","","","","","","","","","","","2.19888888888889","","","2.46928571428571","","2.39111111111111","","2.32552603225806","","2.35677517857143","","2.38821428571429","","",
"Finland","FIN","Logistics performance index: Ease of arranging competitively priced shipments (1=low to 5=high)","LP.LPI.ITRN.XQ","","","","","","","","","","","","","","","","","","","","","","","","","","","","","","","","","","","","","","","","","","","","","","","","3.3","","","3.41","","3.85","","3.517647","","3.507231","","3.56","","",
"Fiji","FJI","Logistics performance index: Ease of arranging competitively priced shipments (1=low to 5=high)","LP.LPI.ITRN.XQ","","","","","","","","","","","","","","","","","","","","","","","","","","","","","","","","","","","","","","","","","","","","","","","","","","","2.48","","2.41","","2.72","","2.211138","","2.16","","",
"France","FRA","Logistics performance index: Ease of arranging competitively priced shipments (1=low to 5=high)","LP.LPI.ITRN.XQ","","","","","","","","","","","","","","","","","","","","","","","","","","","","","","","","","","","","","","","","","","","","","","","","3.63","","","3.3","","3.73","","3.682113","","3.641893","","3.55","","",
"Faroe Islands","FRO","Logistics performance index: Ease of arranging competitively priced shipments (1=low to 5=high)","LP.LPI.ITRN.XQ","","","","","","","","","","","","","","","","","","","","","","","","","","","","","","","","","","","","","","","","","","","","","","","","","","","","","","","","","","","","","",
"Micronesia, Fed. Sts.","FSM","Logistics performance index: Ease of arranging competitively priced shipments (1=low to 5=high)","LP.LPI.ITRN.XQ","","","","","","","","","","","","","","","","","","","","","","","","","","","","","","","","","","","","","","","","","","","","","","","","","","","","","","","","","","","","","",
"Gabon","GAB","Logistics performance index: Ease of arranging competitively priced shipments (1=low to 5=high)","LP.LPI.ITRN.XQ","","","","","","","","","","","","","","","","","","","","","","","","","","","","","","","","","","","","","","","","","","","","","","","","1.67","","","2.29","","2.4","","2.583333","","2.281237","","2.1","","",
"United Kingdom","GBR","Logistics performance index: Ease of arranging competitively priced shipments (1=low to 5=high)","LP.LPI.ITRN.XQ","","","","","","","","","","","","","","","","","","","","","","","","","","","","","","","","","","","","","","","","","","","","","","","","3.85","","","3.66","","3.63","","3.629658","","3.766314","","3.67","","",
"Georgia","GEO","Logistics performance index: Ease of arranging competitively priced shipments (1=low to 5=high)","LP.LPI.ITRN.XQ","","","","","","","","","","","","","","","","","","","","","","","","","","","","","","","","","","","","","","","","","","","","","","","","","","","2.73","","2.68","","2.315789","","2.349747","","2.38","","",
"Ghana","GHA","Logistics performance index: Ease of arranging competitively priced shipments (1=low to 5=high)","LP.LPI.ITRN.XQ","","","","","","","","","","","","","","","","","","","","","","","","","","","","","","","","","","","","","","","","","","","","","","","","2.25","","","2.38","","2.81","","2.727273","","2.714173","","2.53","","",
"Gibraltar","GIB","Logistics performance index: Ease of arranging competitively priced shipments (1=low to 5=high)","LP.LPI.ITRN.XQ","","","","","","","","","","","","","","","","","","","","","","","","","","","","","","","","","","","","","","","","","","","","","","","","","","","","","","","","","","","","","",
"Guinea","GIN","Logistics performance index: Ease of arranging competitively priced shipments (1=low to 5=high)","LP.LPI.ITRN.XQ","","","","","","","","","","","","","","","","","","","","","","","","","","","","","","","","","","","","","","","","","","","","","","","","2.5","","","2.43","","2.67","","2.470588","","2.375291","","2.32","","",
"Gambia, The","GMB","Logistics performance index: Ease of arranging competitively priced shipments (1=low to 5=high)","LP.LPI.ITRN.XQ","","","","","","","","","","","","","","","","","","","","","","","","","","","","","","","","","","","","","","","","","","","","","","","","2.67","","","2.54","","2.63","","2.666667","","","","2.71","","",
"Guinea-Bissau","GNB","Logistics performance index: Ease of arranging competitively priced shipments (1=low to 5=high)","LP.LPI.ITRN.XQ","","","","","","","","","","","","","","","","","","","","","","","","","","","","","","","","","","","","","","","","","","","","","","","","2.22","","","2.75","","2.61","","2.285714","","2.574074","","2.53","","",
"Equatorial Guinea","GNQ","Logistics performance index: Ease of arranging competitively priced shipments (1=low to 5=high)","LP.LPI.ITRN.XQ","","","","","","","","","","","","","","","","","","","","","","","","","","","","","","","","","","","","","","","","","","","","","","","","","","","","","","","2.111111","","1.890625","","2.88","","",
"Greece","GRC","Logistics performance index: Ease of arranging competitively priced shipments (1=low to 5=high)","LP.LPI.ITRN.XQ","","","","","","","","","","","","","","","","","","","","","","","","","","","","","","","","","","","","","","","","","","","","","","","","3.11","","","2.85","","2.69","","2.970246","","2.97086","","3.3","","",
"Grenada","GRD","Logistics performance index: Ease of arranging competitively priced shipments (1=low to 5=high)","LP.LPI.ITRN.XQ","","","","","","","","","","","","","","","","","","","","","","","","","","","","","","","","","","","","","","","","","","","","","","","","","","","","","","","","","","","","","",
"Greenland","GRL","Logistics performance index: Ease of arranging competitively priced shipments (1=low to 5=high)","LP.LPI.ITRN.XQ","","","","","","","","","","","","","","","","","","","","","","","","","","","","","","","","","","","","","","","","","","","","","","","","","","","","","","","","","","","","","",
"Guatemala","GTM","Logistics performance index: Ease of arranging competitively priced shipments (1=low to 5=high)","LP.LPI.ITRN.XQ","","","","","","","","","","","","","","","","","","","","","","","","","","","","","","","","","","","","","","","","","","","","","","","","2.62","","","2.16","","2.82","","2.869048","","2.412468","","2.33","","",
"Guam","GUM","Logistics performance index: Ease of arranging competitively priced shipments (1=low to 5=high)","LP.LPI.ITRN.XQ","","","","","","","","","","","","","","","","","","","","","","","","","","","","","","","","","","","","","","","","","","","","","","","","","","","","","","","","","","","","","",
"Guyana","GUY","Logistics performance index: Ease of arranging competitively priced shipments (1=low to 5=high)","LP.LPI.ITRN.XQ","","","","","","","","","","","","","","","","","","","","","","","","","","","","","","","","","","","","","","","","","","","","","","","","1.8","","","2.31","","2.35","","2.429117","","2.655737","","2.17","","",
"High income","HIC","Logistics performance index: Ease of arranging competitively priced shipments (1=low to 5=high)","LP.LPI.ITRN.XQ","","","","","","","","","","","","","","","","","","","","","","","","","","","","","","","","","","","","","","","","","","","","","","","","3.37577777777778","","","3.255","","3.33","","3.36949314583333","","3.4701639","","3.3276","","",
"Hong Kong SAR, China","HKG","Logistics performance index: Ease of arranging competitively priced shipments (1=low to 5=high)","LP.LPI.ITRN.XQ","","","","","","","","","","","","","","","","","","","","","","","","","","","","","","","","","","","","","","","","","","","","","","","","3.78","","","3.67","","4.18","","3.579754","","4.054683","","3.77","","",
"Honduras","HND","Logistics performance index: Ease of arranging competitively priced shipments (1=low to 5=high)","LP.LPI.ITRN.XQ","","","","","","","","","","","","","","","","","","","","","","","","","","","","","","","","","","","","","","","","","","","","","","","","2.48","","","2.67","","2.7","","2.787936","","2.579","","2.66","","",
"Heavily indebted poor countries (HIPC)","HPC","Logistics performance index: Ease of arranging competitively priced shipments (1=low to 5=high)","LP.LPI.ITRN.XQ","","","","","","","","","","","","","","","","","","","","","","","","","","","","","","","","","","","","","","","","","","","","","","","","2.28583333333333","","","2.49323529411765","","2.4290625","","2.41863221621622","","2.45716422222222","","2.50228571428571","","",
"Croatia","HRV","Logistics performance index: Ease of arranging competitively priced shipments (1=low to 5=high)","LP.LPI.ITRN.XQ","","","","","","","","","","","","","","","","","","","","","","","","","","","","","","","","","","","","","","","","","","","","","","","","2.69","","","2.97","","2.95","","2.978378","","3.115366","","2.93","","",
"Haiti","HTI","Logistics performance index: Ease of arranging competitively priced shipments (1=low to 5=high)","LP.LPI.ITRN.XQ","","","","","","","","","","","","","","","","","","","","","","","","","","","","","","","","","","","","","","","","","","","","","","","","2.2","","","3.17","","1.94","","2.267174","","1.806684","","2.01","","",
"Hungary","HUN","Logistics performance index: Ease of arranging competitively priced shipments (1=low to 5=high)","LP.LPI.ITRN.XQ","","","","","","","","","","","","","","","","","","","","","","","","","","","","","","","","","","","","","","","","","","","","","","","","3.07","","","2.78","","2.99","","3.401887","","3.435504","","3.22","","",
"IBRD only","IBD","Logistics performance index: Ease of arranging competitively priced shipments (1=low to 5=high)","LP.LPI.ITRN.XQ","","","","","","","","","","","","","","","","","","","","","","","","","","","","","","","","","","","","","","","","","","","","","","","","2.63296296296296","","","2.80672413793104","","2.8","","2.86577946551724","","2.78391618644068","","2.79118644067797","","",
"IDA & IBRD total","IBT","Logistics performance index: Ease of arranging competitively priced shipments (1=low to 5=high)","LP.LPI.ITRN.XQ","","","","","","","","","","","","","","","","","","","","","","","","","","","","","","","","","","","","","","","","","","","","","","","","2.4502752293578","","","2.67409090909091","","2.62836363636364","","2.66328741739131","","2.61227588596491","","2.62578947368421","","",
"IDA total","IDA","Logistics performance index: Ease of arranging competitively priced shipments (1=low to 5=high)","LP.LPI.ITRN.XQ","","","","","","","","","","","","","","","","","","","","","","","","","","","","","","","","","","","","","","","","","","","","","","","","2.27090909090909","","","2.52615384615385","","2.42980392156863","","2.45724287719298","","2.42815265454545","","2.44836363636364","","",
"IDA blend","IDB","Logistics performance index: Ease of arranging competitively priced shipments (1=low to 5=high)","LP.LPI.ITRN.XQ","","","","","","","","","","","","","","","","","","","","","","","","","","","","","","","","","","","","","","","","","","","","","","","","2.3425","","","2.67875","","2.47333333333333","","2.54279366666667","","2.45260711111111","","2.47777777777778","","",
"Indonesia","IDN","Logistics performance index: Ease of arranging competitively priced shipments (1=low to 5=high)","LP.LPI.ITRN.XQ","","","","","","","","","","","","","","","","","","","","","","","","","","","","","","","","","","","","","","","","","","","","","","","","3.05","","","2.82","","2.97","","2.873931","","2.901908","","3.23","","",
"IDA only","IDX","Logistics performance index: Ease of arranging competitively priced shipments (1=low to 5=high)","LP.LPI.ITRN.XQ","","","","","","","","","","","","","","","","","","","","","","","","","","","","","","","","","","","","","","","","","","","","","","","","2.25872340425532","","","2.49840909090909","","2.42047619047619","","2.44120210416667","","2.42336808695652","","2.44260869565217","","",
"Isle of Man","IMN","Logistics performance index: Ease of arranging competitively priced shipments (1=low to 5=high)","LP.LPI.ITRN.XQ","","","","","","","","","","","","","","","","","","","","","","","","","","","","","","","","","","","","","","","","","","","","","","","","","","","","","","","","","","","","","",
"India","IND","Logistics performance index: Ease of arranging competitively priced shipments (1=low to 5=high)","LP.LPI.ITRN.XQ","","","","","","","","","","","","","","","","","","","","","","","","","","","","","","","","","","","","","","","","","","","","","","","","3.08","","","3.13","","2.98","","3.198278","","3.364115","","3.21","","",
"Not classified","INX","Logistics performance index: Ease of arranging competitively priced shipments (1=low to 5=high)","LP.LPI.ITRN.XQ","","","","","","","","","","","","","","","","","","","","","","","","","","","","","","","","","","","","","","","","","","","","","","","","","","","","","","","","","","","","","",
"Ireland","IRL","Logistics performance index: Ease of arranging competitively priced shipments (1=low to 5=high)","LP.LPI.ITRN.XQ","","","","","","","","","","","","","","","","","","","","","","","","","","","","","","","","","","","","","","","","","","","","","","","","3.76","","","3.7","","3.4","","3.44","","3.825702","","3.42","","",
"Iran, Islamic Rep.","IRN","Logistics performance index: Ease of arranging competitively priced shipments (1=low to 5=high)","LP.LPI.ITRN.XQ","","","","","","","","","","","","","","","","","","","","","","","","","","","","","","","","","","","","","","","","","","","","","","","","2.59","","","2.44","","2.49","","","","2.666667","","2.76","","",
"Iraq","IRQ","Logistics performance index: Ease of arranging competitively priced shipments (1=low to 5=high)","LP.LPI.ITRN.XQ","","","","","","","","","","","","","","","","","","","","","","","","","","","","","","","","","","","","","","","","","","","","","","","","","","","2.2","","2.38","","2.30889","","2.333148","","2.32","","",
"Iceland","ISL","Logistics performance index: Ease of arranging competitively priced shipments (1=low to 5=high)","LP.LPI.ITRN.XQ","","","","","","","","","","","","","","","","","","","","","","","","","","","","","","","","","","","","","","","","","","","","","","","","","","","3.1","","3.01","","3.153846","","3.324679","","2.79","","",
"Israel","ISR","Logistics performance index: Ease of arranging competitively priced shipments (1=low to 5=high)","LP.LPI.ITRN.XQ","","","","","","","","","","","","","","","","","","","","","","","","","","","","","","","","","","","","","","","","","","","","","","","","3.27","","","3.17","","","","2.712302","","3.383333","","2.78","","",
"Italy","ITA","Logistics performance index: Ease of arranging competitively priced shipments (1=low to 5=high)","LP.LPI.ITRN.XQ","","","","","","","","","","","","","","","","","","","","","","","","","","","","","","","","","","","","","","","","","","","","","","","","3.57","","","3.21","","3.53","","3.538153","","3.651206","","3.51","","",
"Jamaica","JAM","Logistics performance index: Ease of arranging competitively priced shipments (1=low to 5=high)","LP.LPI.ITRN.XQ","","","","","","","","","","","","","","","","","","","","","","","","","","","","","","","","","","","","","","","","","","","","","","","","2.13","","","2.82","","2.43","","2.785068","","2.436753","","2.53","","",
"Jordan","JOR","Logistics performance index: Ease of arranging competitively priced shipments (1=low to 5=high)","LP.LPI.ITRN.XQ","","","","","","","","","","","","","","","","","","","","","","","","","","","","","","","","","","","","","","","","","","","","","","","","3.08","","","3.11","","2.88","","2.955682","","3.1737","","2.44","","",
"Japan","JPN","Logistics performance index: Ease of arranging competitively priced shipments (1=low to 5=high)","LP.LPI.ITRN.XQ","","","","","","","","","","","","","","","","","","","","","","","","","","","","","","","","","","","","","","","","","","","","","","","","3.77","","","3.55","","3.61","","3.518439","","3.694508","","3.59","","",
"Kazakhstan","KAZ","Logistics performance index: Ease of arranging competitively priced shipments (1=low to 5=high)","LP.LPI.ITRN.XQ","","","","","","","","","","","","","","","","","","","","","","","","","","","","","","","","","","","","","","","","","","","","","","","","2.1","","","3.29","","2.67","","2.676066","","2.750393","","2.73","","",
"Kenya","KEN","Logistics performance index: Ease of arranging competitively priced shipments (1=low to 5=high)","LP.LPI.ITRN.XQ","","","","","","","","","","","","","","","","","","","","","","","","","","","","","","","","","","","","","","","","","","","","","","","","2.79","","","2.84","","2.69","","3.152778","","3.243259","","2.62","","",
"Kyrgyz Republic","KGZ","Logistics performance index: Ease of arranging competitively priced shipments (1=low to 5=high)","LP.LPI.ITRN.XQ","","","","","","","","","","","","","","","","","","","","","","","","","","","","","","","","","","","","","","","","","","","","","","","","2.35","","","3.18","","2","","2.433333","","2.102857","","2.22","","",
"Cambodia","KHM","Logistics performance index: Ease of arranging competitively priced shipments (1=low to 5=high)","LP.LPI.ITRN.XQ","","","","","","","","","","","","","","","","","","","","","","","","","","","","","","","","","","","","","","","","","","","","","","","","2.47","","","2.19","","2.61","","2.833333","","3.112919","","2.79","","",
"Kiribati","KIR","Logistics performance index: Ease of arranging competitively priced shipments (1=low to 5=high)","LP.LPI.ITRN.XQ","","","","","","","","","","","","","","","","","","","","","","","","","","","","","","","","","","","","","","","","","","","","","","","","","","","","","","","","","","","","","",
"St. Kitts and Nevis","KNA","Logistics performance index: Ease of arranging competitively priced shipments (1=low to 5=high)","LP.LPI.ITRN.XQ","","","","","","","","","","","","","","","","","","","","","","","","","","","","","","","","","","","","","","","","","","","","","","","","","","","","","","","","","","","","","",
"Korea, Rep.","KOR","Logistics performance index: Ease of arranging competitively priced shipments (1=low to 5=high)","LP.LPI.ITRN.XQ","","","","","","","","","","","","","","","","","","","","","","","","","","","","","","","","","","","","","","","","","","","","","","","","3.44","","","3.47","","3.67","","3.437586","","3.582513","","3.33","","",
"Kuwait","KWT","Logistics performance index: Ease of arranging competitively priced shipments (1=low to 5=high)","LP.LPI.ITRN.XQ","","","","","","","","","","","","","","","","","","","","","","","","","","","","","","","","","","","","","","","","","","","","","","","","2.6","","","3.12","","2.68","","2.759088","","3.618687","","2.63","","",
"Latin America & Caribbean (excluding high income)","LAC","Logistics performance index: Ease of arranging competitively priced shipments (1=low to 5=high)","LP.LPI.ITRN.XQ","","","","","","","","","","","","","","","","","","","","","","","","","","","","","","","","","","","","","","","","","","","","","","","","2.51222222222222","","","2.67368421052632","","2.68277777777778","","2.78010952631579","","2.67359068421053","","2.69166666666667","","",
"Lao PDR","LAO","Logistics performance index: Ease of arranging competitively priced shipments (1=low to 5=high)","LP.LPI.ITRN.XQ","","","","","","","","","","","","","","","","","","","","","","","","","","","","","","","","","","","","","","","","","","","","","","","","2.4","","","2.7","","2.4","","2.503704","","2.178501","","2.72","","",
"Lebanon","LBN","Logistics performance index: Ease of arranging competitively priced shipments (1=low to 5=high)","LP.LPI.ITRN.XQ","","","","","","","","","","","","","","","","","","","","","","","","","","","","","","","","","","","","","","","","","","","","","","","","2.5","","","2.87","","2.71","","2.527778","","2.842975","","2.8","","",
"Liberia","LBR","Logistics performance index: Ease of arranging competitively priced shipments (1=low to 5=high)","LP.LPI.ITRN.XQ","","","","","","","","","","","","","","","","","","","","","","","","","","","","","","","","","","","","","","","","","","","","","","","","2.83","","","2.33","","2.54","","2.571429","","2.224676","","2.08","","",
"Libya","LBY","Logistics performance index: Ease of arranging competitively priced shipments (1=low to 5=high)","LP.LPI.ITRN.XQ","","","","","","","","","","","","","","","","","","","","","","","","","","","","","","","","","","","","","","","","","","","","","","","","","","","2.28","","2.62","","2.294118","","2.39697","","1.99","","",
"St. Lucia","LCA","Logistics performance index: Ease of arranging competitively priced shipments (1=low to 5=high)","LP.LPI.ITRN.XQ","","","","","","","","","","","","","","","","","","","","","","","","","","","","","","","","","","","","","","","","","","","","","","","","","","","","","","","","","","","","","",
"Latin America & Caribbean","LCN","Logistics performance index: Ease of arranging competitively priced shipments (1=low to 5=high)","LP.LPI.ITRN.XQ","","","","","","","","","","","","","","","","","","","","","","","","","","","","","","","","","","","","","","","","","","","","","","","","2.54857142857143","","","2.69782608695652","","2.70545454545455","","2.80344660869565","","2.69086445833333","","2.69217391304348","","",
"Least developed countries: UN classification","LDC","Logistics performance index: Ease of arranging competitively priced shipments (1=low to 5=high)","LP.LPI.ITRN.XQ","","","","","","","","","","","","","","","","","","","","","","","","","","","","","","","","","","","","","","","","","","","","","","","","2.26756097560976","","","2.47194444444444","","2.39257142857143","","2.405582525","","2.44578257894737","","2.42128205128205","","",
"Low income","LIC","Logistics performance index: Ease of arranging competitively priced shipments (1=low to 5=high)","LP.LPI.ITRN.XQ","","","","","","","","","","","","","","","","","","","","","","","","","","","","","","","","","","","","","","","","","","","","","","","","2.21826086956522","","","2.43545454545455","","2.4575","","2.34001486956522","","2.43537280952381","","2.43739130434783","","",
"Liechtenstein","LIE","Logistics performance index: Ease of arranging competitively priced shipments (1=low to 5=high)","LP.LPI.ITRN.XQ","","","","","","","","","","","","","","","","","","","","","","","","","","","","","","","","","","","","","","","","","","","","","","","","","","","","","","","","","","","","","",
"Sri Lanka","LKA","Logistics performance index: Ease of arranging competitively priced shipments (1=low to 5=high)","LP.LPI.ITRN.XQ","","","","","","","","","","","","","","","","","","","","","","","","","","","","","","","","","","","","","","","","","","","","","","","","2.31","","","2.48","","3","","2.564844","","","","2.51","","",
"Lower middle income","LMC","Logistics performance index: Ease of arranging competitively priced shipments (1=low to 5=high)","LP.LPI.ITRN.XQ","","","","","","","","","","","","","","","","","","","","","","","","","","","","","","","","","","","","","","","","","","","","","","","","2.425","","","2.65463414634146","","2.53348837209302","","2.62682020454545","","2.54027413333333","","2.56363636363636","","",
"Low & middle income","LMY","Logistics performance index: Ease of arranging competitively priced shipments (1=low to 5=high)","LP.LPI.ITRN.XQ","","","","","","","","","","","","","","","","","","","","","","","","","","","","","","","","","","","","","","","","","","","","","","","","2.43432692307692","","","2.6577358490566","","2.60669811320755","","2.64520497297297","","2.59240658715596","","2.60577981651376","","",
"Lesotho","LSO","Logistics performance index: Ease of arranging competitively priced shipments (1=low to 5=high)","LP.LPI.ITRN.XQ","","","","","","","","","","","","","","","","","","","","","","","","","","","","","","","","","","","","","","","","","","","","","","","","2.5","","","","","2.12","","2.475309","","1.838721","","2.21","","",
"Late-demographic dividend","LTE","Logistics performance index: Ease of arranging competitively priced shipments (1=low to 5=high)","LP.LPI.ITRN.XQ","","","","","","","","","","","","","","","","","","","","","","","","","","","","","","","","","","","","","","","","","","","","","","","","2.70972972972973","","","2.94878048780488","","2.81","","2.95530765","","2.91477875609756","","2.86720930232558","","",
"Lithuania","LTU","Logistics performance index: Ease of arranging competitively priced shipments (1=low to 5=high)","LP.LPI.ITRN.XQ","","","","","","","","","","","","","","","","","","","","","","","","","","","","","","","","","","","","","","","","","","","","","","","","3","","","3.19","","2.97","","3.098107","","3.492151","","2.79","","",
"Luxembourg","LUX","Logistics performance index: Ease of arranging competitively priced shipments (1=low to 5=high)","LP.LPI.ITRN.XQ","","","","","","","","","","","","","","","","","","","","","","","","","","","","","","","","","","","","","","","","","","","","","","","","3","","","3.67","","3.7","","3.818182","","4.235","","3.37","","",
"Latvia","LVA","Logistics performance index: Ease of arranging competitively priced shipments (1=low to 5=high)","LP.LPI.ITRN.XQ","","","","","","","","","","","","","","","","","","","","","","","","","","","","","","","","","","","","","","","","","","","","","","","","3.31","","","3.38","","2.72","","3.376299","","3.277821","","2.74","","",
"Macao SAR, China","MAC","Logistics performance index: Ease of arranging competitively priced shipments (1=low to 5=high)","LP.LPI.ITRN.XQ","","","","","","","","","","","","","","","","","","","","","","","","","","","","","","","","","","","","","","","","","","","","","","","","","","","","","","","","","","","","","",
"St. Martin (French part)","MAF","Logistics performance index: Ease of arranging competitively priced shipments (1=low to 5=high)","LP.LPI.ITRN.XQ","","","","","","","","","","","","","","","","","","","","","","","","","","","","","","","","","","","","","","","","","","","","","","","","","","","","","","","","","","","","","",
"Morocco","MAR","Logistics performance index: Ease of arranging competitively priced shipments (1=low to 5=high)","LP.LPI.ITRN.XQ","","","","","","","","","","","","","","","","","","","","","","","","","","","","","","","","","","","","","","","","","","","","","","","","2.75","","","","","3.01","","","","3.08642","","2.58","","",
"Monaco","MCO","Logistics performance index: Ease of arranging competitively priced shipments (1=low to 5=high)","LP.LPI.ITRN.XQ","","","","","","","","","","","","","","","","","","","","","","","","","","","","","","","","","","","","","","","","","","","","","","","","","","","","","","","","","","","","","",
"Moldova","MDA","Logistics performance index: Ease of arranging competitively priced shipments (1=low to 5=high)","LP.LPI.ITRN.XQ","","","","","","","","","","","","","","","","","","","","","","","","","","","","","","","","","","","","","","","","","","","","","","","","2.36","","","2.83","","2.08","","3.137574","","2.602941","","2.69","","",
"Madagascar","MDG","Logistics performance index: Ease of arranging competitively priced shipments (1=low to 5=high)","LP.LPI.ITRN.XQ","","","","","","","","","","","","","","","","","","","","","","","","","","","","","","","","","","","","","","","","","","","","","","","","2.25","","","3.06","","2.4","","2.381313","","2.171311","","2.19","","",
"Maldives","MDV","Logistics performance index: Ease of arranging competitively priced shipments (1=low to 5=high)","LP.LPI.ITRN.XQ","","","","","","","","","","","","","","","","","","","","","","","","","","","","","","","","","","","","","","","","","","","","","","","","","","","2.42","","2.47","","2.919283","","2.336156","","2.66","","",
"Middle East & North Africa","MEA","Logistics performance index: Ease of arranging competitively priced shipments (1=low to 5=high)","LP.LPI.ITRN.XQ","","","","","","","","","","","","","","","","","","","","","","","","","","","","","","","","","","","","","","","","","","","","","","","","2.68764705882353","","","2.78368421052632","","2.80052631578947","","2.75235577777778","","2.95881","","2.731","","",
"Mexico","MEX","Logistics performance index: Ease of arranging competitively priced shipments (1=low to 5=high)","LP.LPI.ITRN.XQ","","","","","","","","","","","","","","","","","","","","","","","","","","","","","","","","","","","","","","","","","","","","","","","","2.91","","","2.83","","3.07","","3.192201","","3.004129","","3.1","","",
"Marshall Islands","MHL","Logistics performance index: Ease of arranging competitively priced shipments (1=low to 5=high)","LP.LPI.ITRN.XQ","","","","","","","","","","","","","","","","","","","","","","","","","","","","","","","","","","","","","","","","","","","","","","","","","","","","","","","","","","","","","",
"Middle income","MIC","Logistics performance index: Ease of arranging competitively priced shipments (1=low to 5=high)","LP.LPI.ITRN.XQ","","","","","","","","","","","","","","","","","","","","","","","","","","","","","","","","","","","","","","","","","","","","","","","","2.49567901234568","","","2.71595238095238","","2.64139534883721","","2.72497056818182","","2.62988055681818","","2.65081395348837","","",
"North Macedonia","MKD","Logistics performance index: Ease of arranging competitively priced shipments (1=low to 5=high)","LP.LPI.ITRN.XQ","","","","","","","","","","","","","","","","","","","","","","","","","","","","","","","","","","","","","","","","","","","","","","","","2.67","","","2.83","","2.66","","2.382099","","2.447812","","2.84","","",
"Mali","MLI","Logistics performance index: Ease of arranging competitively priced shipments (1=low to 5=high)","LP.LPI.ITRN.XQ","","","","","","","","","","","","","","","","","","","","","","","","","","","","","","","","","","","","","","","","","","","","","","","","2.23","","","2.17","","","","2.802778","","2.478704","","2.7","","",
"Malta","MLT","Logistics performance index: Ease of arranging competitively priced shipments (1=low to 5=high)","LP.LPI.ITRN.XQ","","","","","","","","","","","","","","","","","","","","","","","","","","","","","","","","","","","","","","","","","","","","","","","","","","","2.91","","3.17","","3.230769","","3.086243","","2.7","","",
"Myanmar","MMR","Logistics performance index: Ease of arranging competitively priced shipments (1=low to 5=high)","LP.LPI.ITRN.XQ","","","","","","","","","","","","","","","","","","","","","","","","","","","","","","","","","","","","","","","","","","","","","","","","1.73","","","2.37","","2.47","","2.141941","","2.229592","","2.2","","",
"Middle East & North Africa (excluding high income)","MNA","Logistics performance index: Ease of arranging competitively priced shipments (1=low to 5=high)","LP.LPI.ITRN.XQ","","","","","","","","","","","","","","","","","","","","","","","","","","","","","","","","","","","","","","","","","","","","","","","","2.431","","","2.64818181818182","","2.68166666666667","","2.4707827","","2.61369990909091","","2.46666666666667","","",
"Montenegro","MNE","Logistics performance index: Ease of arranging competitively priced shipments (1=low to 5=high)","LP.LPI.ITRN.XQ","","","","","","","","","","","","","","","","","","","","","","","","","","","","","","","","","","","","","","","","","","","","","","","","","","","2.54","","2.22","","3.147253","","2.56401","","2.68","","",
"Mongolia","MNG","Logistics performance index: Ease of arranging competitively priced shipments (1=low to 5=high)","LP.LPI.ITRN.XQ","","","","","","","","","","","","","","","","","","","","","","","","","","","","","","","","","","","","","","","","","","","","","","","","2.5","","","2.46","","2.13","","2.620385","","2.365151","","2.49","","",
"Northern Mariana Islands","MNP","Logistics performance index: Ease of arranging competitively priced shipments (1=low to 5=high)","LP.LPI.ITRN.XQ","","","","","","","","","","","","","","","","","","","","","","","","","","","","","","","","","","","","","","","","","","","","","","","","","","","","","","","","","","","","","",
"Mozambique","MOZ","Logistics performance index: Ease of arranging competitively priced shipments (1=low to 5=high)","LP.LPI.ITRN.XQ","","","","","","","","","","","","","","","","","","","","","","","","","","","","","","","","","","","","","","","","","","","","","","","","2.25","","","2.77","","","","2.076923","","3.055106","","","","",
"Mauritania","MRT","Logistics performance index: Ease of arranging competitively priced shipments (1=low to 5=high)","LP.LPI.ITRN.XQ","","","","","","","","","","","","","","","","","","","","","","","","","","","","","","","","","","","","","","","","","","","","","","","","2.6","","","","","2.52","","2.066667","","2","","2.19","","",
"Mauritius","MUS","Logistics performance index: Ease of arranging competitively priced shipments (1=low to 5=high)","LP.LPI.ITRN.XQ","","","","","","","","","","","","","","","","","","","","","","","","","","","","","","","","","","","","","","","","","","","","","","","","2.2","","","3.24","","2.5","","2.625","","","","2.12","","",
"Malawi","MWI","Logistics performance index: Ease of arranging competitively priced shipments (1=low to 5=high)","LP.LPI.ITRN.XQ","","","","","","","","","","","","","","","","","","","","","","","","","","","","","","","","","","","","","","","","","","","","","","","","2.56","","","","","3.01","","2.625474","","","","2.55","","",
"Malaysia","MYS","Logistics performance index: Ease of arranging competitively priced shipments (1=low to 5=high)","LP.LPI.ITRN.XQ","","","","","","","","","","","","","","","","","","","","","","","","","","","","","","","","","","","","","","","","","","","","","","","","3.36","","","3.5","","3.4","","3.64433","","3.482079","","3.35","","",
"North America","NAC","Logistics performance index: Ease of arranging competitively priced shipments (1=low to 5=high)","LP.LPI.ITRN.XQ","","","","","","","","","","","","","","","","","","","","","","","","","","","","","","","","","","","","","","","","","","","","","","","","3.68","","","3.225","","3.555","","3.456241","","3.6043245","","3.445","","",
"Namibia","NAM","Logistics performance index: Ease of arranging competitively priced shipments (1=low to 5=high)","LP.LPI.ITRN.XQ","","","","","","","","","","","","","","","","","","","","","","","","","","","","","","","","","","","","","","","","","","","","","","","","2.14","","","2.2","","2.49","","2.695793","","2.692708","","","","",
"New Caledonia","NCL","Logistics performance index: Ease of arranging competitively priced shipments (1=low to 5=high)","LP.LPI.ITRN.XQ","","","","","","","","","","","","","","","","","","","","","","","","","","","","","","","","","","","","","","","","","","","","","","","","","","","","","","","","","","","","","",
"Niger","NER","Logistics performance index: Ease of arranging competitively priced shipments (1=low to 5=high)","LP.LPI.ITRN.XQ","","","","","","","","","","","","","","","","","","","","","","","","","","","","","","","","","","","","","","","","","","","","","","","","1.8","","","2.66","","2.91","","2.384615","","2.63095","","2","","",
"Nigeria","NGA","Logistics performance index: Ease of arranging competitively priced shipments (1=low to 5=high)","LP.LPI.ITRN.XQ","","","","","","","","","","","","","","","","","","","","","","","","","","","","","","","","","","","","","","","","","","","","","","","","2.49","","","2.84","","2.6","","2.627793","","2.429646","","2.52","","",
"Nicaragua","NIC","Logistics performance index: Ease of arranging competitively priced shipments (1=low to 5=high)","LP.LPI.ITRN.XQ","","","","","","","","","","","","","","","","","","","","","","","","","","","","","","","","","","","","","","","","","","","","","","","","2.18","","","2.63","","","","2.694146","","2.502535","","","","",
"Netherlands","NLD","Logistics performance index: Ease of arranging competitively priced shipments (1=low to 5=high)","LP.LPI.ITRN.XQ","","","","","","","","","","","","","","","","","","","","","","","","","","","","","","","","","","","","","","","","","","","","","","","","4.05","","","3.61","","3.86","","3.641035","","3.944028","","3.68","","",
"Norway","NOR","Logistics performance index: Ease of arranging competitively priced shipments (1=low to 5=high)","LP.LPI.ITRN.XQ","","","","","","","","","","","","","","","","","","","","","","","","","","","","","","","","","","","","","","","","","","","","","","","","3.62","","","3.35","","3.49","","3.422711","","3.615839","","3.43","","",
"Nepal","NPL","Logistics performance index: Ease of arranging competitively priced shipments (1=low to 5=high)","LP.LPI.ITRN.XQ","","","","","","","","","","","","","","","","","","","","","","","","","","","","","","","","","","","","","","","","","","","","","","","","2.09","","","2.21","","1.86","","2.637305","","2.5","","2.36","","",
"Nauru","NRU","Logistics performance index: Ease of arranging competitively priced shipments (1=low to 5=high)","LP.LPI.ITRN.XQ","","","","","","","","","","","","","","","","","","","","","","","","","","","","","","","","","","","","","","","","","","","","","","","","","","","","","","","","","","","","","",
"New Zealand","NZL","Logistics performance index: Ease of arranging competitively priced shipments (1=low to 5=high)","LP.LPI.ITRN.XQ","","","","","","","","","","","","","","","","","","","","","","","","","","","","","","","","","","","","","","","","","","","","","","","","3.77","","","3.36","","3.27","","3.671443","","2.77076","","3.43","","",
"OECD members","OED","Logistics performance index: Ease of arranging competitively priced shipments (1=low to 5=high)","LP.LPI.ITRN.XQ","","","","","","","","","","","","","","","","","","","","","","","","","","","","","","","","","","","","","","","","","","","","","","","","3.39027027027027","","","3.26526315789474","","3.35135135135135","","3.38838171052632","","3.49399421052632","","3.39552631578947","","",
"Oman","OMN","Logistics performance index: Ease of arranging competitively priced shipments (1=low to 5=high)","LP.LPI.ITRN.XQ","","","","","","","","","","","","","","","","","","","","","","","","","","","","","","","","","","","","","","","","","","","","","","","","2.57","","","2.31","","2.78","","3.409091","","3.346116","","3.3","","",
"Other small states","OSS","Logistics performance index: Ease of arranging competitively priced shipments (1=low to 5=high)","LP.LPI.ITRN.XQ","","","","","","","","","","","","","","","","","","","","","","","","","","","","","","","","","","","","","","","","","","","","","","","","2.45266666666667","","","2.68647058823529","","2.54789473684211","","2.74491725","","2.68900952631579","","2.64368421052632","","",
"Pakistan","PAK","Logistics performance index: Ease of arranging competitively priced shipments (1=low to 5=high)","LP.LPI.ITRN.XQ","","","","","","","","","","","","","","","","","","","","","","","","","","","","","","","","","","","","","","","","","","","","","","","","2.72","","","2.91","","2.86","","3.081636","","2.931892","","2.63","","",
"Panama","PAN","Logistics performance index: Ease of arranging competitively priced shipments (1=low to 5=high)","LP.LPI.ITRN.XQ","","","","","","","","","","","","","","","","","","","","","","","","","","","","","","","","","","","","","","","","","","","","","","","","2.8","","","2.87","","2.76","","3.183415","","3.652167","","3.31","","",
"Peru","PER","Logistics performance index: Ease of arranging competitively priced shipments (1=low to 5=high)","LP.LPI.ITRN.XQ","","","","","","","","","","","","","","","","","","","","","","","","","","","","","","","","","","","","","","","","","","","","","","","","2.91","","","2.75","","2.87","","2.9375","","2.912407","","2.84","","",
"Philippines","PHL","Logistics performance index: Ease of arranging competitively priced shipments (1=low to 5=high)","LP.LPI.ITRN.XQ","","","","","","","","","","","","","","","","","","","","","","","","","","","","","","","","","","","","","","","","","","","","","","","","2.77","","","3.4","","2.97","","3.333333","","3.013986","","3.29","","",
"Palau","PLW","Logistics performance index: Ease of arranging competitively priced shipments (1=low to 5=high)","LP.LPI.ITRN.XQ","","","","","","","","","","","","","","","","","","","","","","","","","","","","","","","","","","","","","","","","","","","","","","","","","","","","","","","","","","","","","",
"Papua New Guinea","PNG","Logistics performance index: Ease of arranging competitively priced shipments (1=low to 5=high)","LP.LPI.ITRN.XQ","","","","","","","","","","","","","","","","","","","","","","","","","","","","","","","","","","","","","","","","","","","","","","","","2.57","","","2.55","","2.34","","2.466667","","2.458874","","2.15","","",
"Poland","POL","Logistics performance index: Ease of arranging competitively priced shipments (1=low to 5=high)","LP.LPI.ITRN.XQ","","","","","","","","","","","","","","","","","","","","","","","","","","","","","","","","","","","","","","","","","","","","","","","","2.92","","","3.22","","3.47","","3.456749","","3.438257","","3.68","","",
"Pre-demographic dividend","PRE","Logistics performance index: Ease of arranging competitively priced shipments (1=low to 5=high)","LP.LPI.ITRN.XQ","","","","","","","","","","","","","","","","","","","","","","","","","","","","","","","","","","","","","","","","","","","","","","","","2.28193548387097","","","2.45666666666667","","2.43964285714286","","2.39395851515151","","2.44355721875","","2.4969696969697","","",
"Puerto Rico","PRI","Logistics performance index: Ease of arranging competitively priced shipments (1=low to 5=high)","LP.LPI.ITRN.XQ","","","","","","","","","","","","","","","","","","","","","","","","","","","","","","","","","","","","","","","","","","","","","","","","","","","","","","","","","","","","","",
"Korea, Dem. People's Rep.","PRK","Logistics performance index: Ease of arranging competitively priced shipments (1=low to 5=high)","LP.LPI.ITRN.XQ","","","","","","","","","","","","","","","","","","","","","","","","","","","","","","","","","","","","","","","","","","","","","","","","","","","","","","","","","","","","","",
"Portugal","PRT","Logistics performance index: Ease of arranging competitively priced shipments (1=low to 5=high)","LP.LPI.ITRN.XQ","","","","","","","","","","","","","","","","","","","","","","","","","","","","","","","","","","","","","","","","","","","","","","","","3.23","","","3.02","","3.43","","3.42767","","3.241283","","3.83","","",
"Paraguay","PRY","Logistics performance index: Ease of arranging competitively priced shipments (1=low to 5=high)","LP.LPI.ITRN.XQ","","","","","","","","","","","","","","","","","","","","","","","","","","","","","","","","","","","","","","","","","","","","","","","","2.29","","","2.87","","2.31","","2.82567","","2.580952","","2.69","","",
"West Bank and Gaza","PSE","Logistics performance index: Ease of arranging competitively priced shipments (1=low to 5=high)","LP.LPI.ITRN.XQ","","","","","","","","","","","","","","","","","","","","","","","","","","","","","","","","","","","","","","","","","","","","","","","","","","","","","","","","","","","","","",
"Pacific island small states","PSS","Logistics performance index: Ease of arranging competitively priced shipments (1=low to 5=high)","LP.LPI.ITRN.XQ","","","","","","","","","","","","","","","","","","","","","","","","","","","","","","","","","","","","","","","","","","","","","","","","2.36","","","2.33","","2.425","","2.4698485","","2.2476205","","2.18","","",
"Post-demographic dividend","PST","Logistics performance index: Ease of arranging competitively priced shipments (1=low to 5=high)","LP.LPI.ITRN.XQ","","","","","","","","","","","","","","","","","","","","","","","","","","","","","","","","","","","","","","","","","","","","","","","","3.40515151515152","","","3.29647058823529","","3.388","","3.39663768571429","","3.45265477142857","","3.38057142857143","","",
"French Polynesia","PYF","Logistics performance index: Ease of arranging competitively priced shipments (1=low to 5=high)","LP.LPI.ITRN.XQ","","","","","","","","","","","","","","","","","","","","","","","","","","","","","","","","","","","","","","","","","","","","","","","","","","","","","","","","","","","","","",
"Qatar","QAT","Logistics performance index: Ease of arranging competitively priced shipments (1=low to 5=high)","LP.LPI.ITRN.XQ","","","","","","","","","","","","","","","","","","","","","","","","","","","","","","","","","","","","","","","","","","","","","","","","3","","","2.92","","2.88","","3.550252","","3.582678","","3.75","","",
"Romania","ROU","Logistics performance index: Ease of arranging competitively priced shipments (1=low to 5=high)","LP.LPI.ITRN.XQ","","","","","","","","","","","","","","","","","","","","","","","","","","","","","","","","","","","","","","","","","","","","","","","","3.2","","","3.24","","2.99","","3.322581","","3.058824","","3.18","","",
"Russian Federation","RUS","Logistics performance index: Ease of arranging competitively priced shipments (1=low to 5=high)","LP.LPI.ITRN.XQ","","","","","","","","","","","","","","","","","","","","","","","","","","","","","","","","","","","","","","","","","","","","","","","","2.48","","","2.72","","2.59","","2.640805","","2.450475","","2.64","","",
"Rwanda","RWA","Logistics performance index: Ease of arranging competitively priced shipments (1=low to 5=high)","LP.LPI.ITRN.XQ","","","","","","","","","","","","","","","","","","","","","","","","","","","","","","","","","","","","","","","","","","","","","","","","1.67","","","2.88","","2.27","","2.776515","","3.053013","","3.39","","",
"South Asia","SAS","Logistics performance index: Ease of arranging competitively priced shipments (1=low to 5=high)","LP.LPI.ITRN.XQ","","","","","","","","","","","","","","","","","","","","","","","","","","","","","","","","","","","","","","","","","","","","","","","","2.27714285714286","","","2.6025","","2.58714285714286","","2.698607375","","2.67692685714286","","2.47875","","",
"Saudi Arabia","SAU","Logistics performance index: Ease of arranging competitively priced shipments (1=low to 5=high)","LP.LPI.ITRN.XQ","","","","","","","","","","","","","","","","","","","","","","","","","","","","","","","","","","","","","","","","","","","","","","","","2.93","","","2.8","","3.1","","2.93211","","3.228372","","2.99","","",
"Sudan","SDN","Logistics performance index: Ease of arranging competitively priced shipments (1=low to 5=high)","LP.LPI.ITRN.XQ","","","","","","","","","","","","","","","","","","","","","","","","","","","","","","","","","","","","","","","","","","","","","","","","2.67","","","2.11","","1.93","","2.230994","","2.567713","","2.58","","",
"Senegal","SEN","Logistics performance index: Ease of arranging competitively priced shipments (1=low to 5=high)","LP.LPI.ITRN.XQ","","","","","","","","","","","","","","","","","","","","","","","","","","","","","","","","","","","","","","","","","","","","","","","","2.09","","","2.75","","2.72","","3.025","","2.245513","","2.36","","",
"Singapore","SGP","Logistics performance index: Ease of arranging competitively priced shipments (1=low to 5=high)","LP.LPI.ITRN.XQ","","","","","","","","","","","","","","","","","","","","","","","","","","","","","","","","","","","","","","","","","","","","","","","","4.04","","","3.86","","3.99","","3.703168","","3.956593","","3.58","","",
"Solomon Islands","SLB","Logistics performance index: Ease of arranging competitively priced shipments (1=low to 5=high)","LP.LPI.ITRN.XQ","","","","","","","","","","","","","","","","","","","","","","","","","","","","","","","","","","","","","","","","","","","","","","","","2.36","","","2.18","","2.44","","2.219697","","2.284103","","2.2","","",
"Sierra Leone","SLE","Logistics performance index: Ease of arranging competitively priced shipments (1=low to 5=high)","LP.LPI.ITRN.XQ","","","","","","","","","","","","","","","","","","","","","","","","","","","","","","","","","","","","","","","","","","","","","","","","1.82","","","2.33","","1.85","","","","2.308264","","2.18","","",
"El Salvador","SLV","Logistics performance index: Ease of arranging competitively priced shipments (1=low to 5=high)","LP.LPI.ITRN.XQ","","","","","","","","","","","","","","","","","","","","","","","","","","","","","","","","","","","","","","","","","","","","","","","","2.78","","","2.18","","2.57","","3.198111","","2.818224","","2.71","","",
"San Marino","SMR","Logistics performance index: Ease of arranging competitively priced shipments (1=low to 5=high)","LP.LPI.ITRN.XQ","","","","","","","","","","","","","","","","","","","","","","","","","","","","","","","","","","","","","","","","","","","","","","","","","","","","","","","","","","","","","",
"Somalia","SOM","Logistics performance index: Ease of arranging competitively priced shipments (1=low to 5=high)","LP.LPI.ITRN.XQ","","","","","","","","","","","","","","","","","","","","","","","","","","","","","","","","","","","","","","","","","","","","","","","","1.88","","","1.33","","","","1.75","","1.857143","","2.61","","",
"Serbia","SRB","Logistics performance index: Ease of arranging competitively priced shipments (1=low to 5=high)","LP.LPI.ITRN.XQ","","","","","","","","","","","","","","","","","","","","","","","","","","","","","","","","","","","","","","","","","","","","","","","","2.25","","","3.41","","2.76","","3.119549","","2.633929","","2.97","","",
"Sub-Saharan Africa (excluding high income)","SSA","Logistics performance index: Ease of arranging competitively priced shipments (1=low to 5=high)","LP.LPI.ITRN.XQ","","","","","","","","","","","","","","","","","","","","","","","","","","","","","","","","","","","","","","","","","","","","","","","","2.36179487179487","","","2.505","","2.47486486486486","","2.47987173809524","","2.4874352","","2.52102564102564","","",
"South Sudan","SSD","Logistics performance index: Ease of arranging competitively priced shipments (1=low to 5=high)","LP.LPI.ITRN.XQ","","","","","","","","","","","","","","","","","","","","","","","","","","","","","","","","","","","","","","","","","","","","","","","","","","","","","","","","","","","","","",
"Sub-Saharan Africa","SSF","Logistics performance index: Ease of arranging competitively priced shipments (1=low to 5=high)","LP.LPI.ITRN.XQ","","","","","","","","","","","","","","","","","","","","","","","","","","","","","","","","","","","","","","","","","","","","","","","","2.36179487179487","","","2.505","","2.47486486486487","","2.47987173809524","","2.4874352","","2.52102564102564","","",
"Small states","SST","Logistics performance index: Ease of arranging competitively priced shipments (1=low to 5=high)","LP.LPI.ITRN.XQ","","","","","","","","","","","","","","","","","","","","","","","","","","","","","","","","","","","","","","","","","","","","","","","","2.39333333333333","","","2.64318181818182","","2.53166666666667","","2.7204224","","2.63137332","","2.5752","","",
"Sao Tome and Principe","STP","Logistics performance index: Ease of arranging competitively priced shipments (1=low to 5=high)","LP.LPI.ITRN.XQ","","","","","","","","","","","","","","","","","","","","","","","","","","","","","","","","","","","","","","","","","","","","","","","","3.4","","","","","2.33","","2.950126","","2.258456","","2.42","","",
"Suriname","SUR","Logistics performance index: Ease of arranging competitively priced shipments (1=low to 5=high)","LP.LPI.ITRN.XQ","","","","","","","","","","","","","","","","","","","","","","","","","","","","","","","","","","","","","","","","","","","","","","","","","","","","","","","","","","","","","",
"Slovak Republic","SVK","Logistics performance index: Ease of arranging competitively priced shipments (1=low to 5=high)","LP.LPI.ITRN.XQ","","","","","","","","","","","","","","","","","","","","","","","","","","","","","","","","","","","","","","","","","","","","","","","","3.09","","","3.05","","2.84","","3.301764","","3.405025","","3.1","","",
"Slovenia","SVN","Logistics performance index: Ease of arranging competitively priced shipments (1=low to 5=high)","LP.LPI.ITRN.XQ","","","","","","","","","","","","","","","","","","","","","","","","","","","","","","","","","","","","","","","","","","","","","","","","3.14","","","2.84","","3.34","","3.049875","","3.104538","","3.19","","",
"Sweden","SWE","Logistics performance index: Ease of arranging competitively priced shipments (1=low to 5=high)","LP.LPI.ITRN.XQ","","","","","","","","","","","","","","","","","","","","","","","","","","","","","","","","","","","","","","","","","","","","","","","","3.9","","","3.83","","3.39","","3.75625","","4.003465","","3.92","","",
"Eswatini","SWZ","Logistics performance index: Ease of arranging competitively priced shipments (1=low to 5=high)","LP.LPI.ITRN.XQ","","","","","","","","","","","","","","","","","","","","","","","","","","","","","","","","","","","","","","","","","","","","","","","","","","","","","","","","","","","","","",
"Sint Maarten (Dutch part)","SXM","Logistics performance index: Ease of arranging competitively priced shipments (1=low to 5=high)","LP.LPI.ITRN.XQ","","","","","","","","","","","","","","","","","","","","","","","","","","","","","","","","","","","","","","","","","","","","","","","","","","","","","","","","","","","","","",
"Seychelles","SYC","Logistics performance index: Ease of arranging competitively priced shipments (1=low to 5=high)","LP.LPI.ITRN.XQ","","","","","","","","","","","","","","","","","","","","","","","","","","","","","","","","","","","","","","","","","","","","","","","","","","","","","","","","","","","","","",
"Syrian Arab Republic","SYR","Logistics performance index: Ease of arranging competitively priced shipments (1=low to 5=high)","LP.LPI.ITRN.XQ","","","","","","","","","","","","","","","","","","","","","","","","","","","","","","","","","","","","","","","","","","","","","","","","2","","","2.87","","2.62","","2.154339","","1.362654","","2.37","","",
"Turks and Caicos Islands","TCA","Logistics performance index: Ease of arranging competitively priced shipments (1=low to 5=high)","LP.LPI.ITRN.XQ","","","","","","","","","","","","","","","","","","","","","","","","","","","","","","","","","","","","","","","","","","","","","","","","","","","","","","","","","","","","","",
"Chad","TCD","Logistics performance index: Ease of arranging competitively priced shipments (1=low to 5=high)","LP.LPI.ITRN.XQ","","","","","","","","","","","","","","","","","","","","","","","","","","","","","","","","","","","","","","","","","","","","","","","","1.83","","","2.75","","2","","2.333333","","2.405843","","2.37","","",
"East Asia & Pacific (IDA & IBRD countries)","TEA","Logistics performance index: Ease of arranging competitively priced shipments (1=low to 5=high)","LP.LPI.ITRN.XQ","","","","","","","","","","","","","","","","","","","","","","","","","","","","","","","","","","","","","","","","","","","","","","","","2.63538461538462","","","2.79","","2.76538461538461","","2.87488976923077","","2.80258661538462","","2.82615384615385","","",
"Europe & Central Asia (IDA & IBRD countries)","TEC","Logistics performance index: Ease of arranging competitively priced shipments (1=low to 5=high)","LP.LPI.ITRN.XQ","","","","","","","","","","","","","","","","","","","","","","","","","","","","","","","","","","","","","","","","","","","","","","","","2.47052631578947","","","2.89095238095238","","2.69666666666667","","2.8288539047619","","2.61464271428571","","2.74761904761905","","",
"Togo","TGO","Logistics performance index: Ease of arranging competitively priced shipments (1=low to 5=high)","LP.LPI.ITRN.XQ","","","","","","","","","","","","","","","","","","","","","","","","","","","","","","","","","","","","","","","","","","","","","","","","2.4","","","2.42","","3.13","","2.472934","","2.622492","","2.52","","",
"Thailand","THA","Logistics performance index: Ease of arranging competitively priced shipments (1=low to 5=high)","LP.LPI.ITRN.XQ","","","","","","","","","","","","","","","","","","","","","","","","","","","","","","","","","","","","","","","","","","","","","","","","3.24","","","3.27","","3.21","","3.295637","","3.36694","","3.46","","",
"Tajikistan","TJK","Logistics performance index: Ease of arranging competitively priced shipments (1=low to 5=high)","LP.LPI.ITRN.XQ","","","","","","","","","","","","","","","","","","","","","","","","","","","","","","","","","","","","","","","","","","","","","","","","2","","","2.42","","2.33","","2.727727","","2.116068","","2.31","","",
"Turkmenistan","TKM","Logistics performance index: Ease of arranging competitively priced shipments (1=low to 5=high)","LP.LPI.ITRN.XQ","","","","","","","","","","","","","","","","","","","","","","","","","","","","","","","","","","","","","","","","","","","","","","","","","","","2.31","","","","2.555556","","2.373737","","2.29","","",
"Latin America & the Caribbean (IDA & IBRD countries)","TLA","Logistics performance index: Ease of arranging competitively priced shipments (1=low to 5=high)","LP.LPI.ITRN.XQ","","","","","","","","","","","","","","","","","","","","","","","","","","","","","","","","","","","","","","","","","","","","","","","","2.54857142857143","","","2.71619047619048","","2.734","","2.81177404761905","","2.70326059090909","","2.72142857142857","","",
"Timor-Leste","TLS","Logistics performance index: Ease of arranging competitively priced shipments (1=low to 5=high)","LP.LPI.ITRN.XQ","","","","","","","","","","","","","","","","","","","","","","","","","","","","","","","","","","","","","","","","","","","","","","","","1.5","","","","","","","","","","","","","",
"Middle East & North Africa (IDA & IBRD countries)","TMN","Logistics performance index: Ease of arranging competitively priced shipments (1=low to 5=high)","LP.LPI.ITRN.XQ","","","","","","","","","","","","","","","","","","","","","","","","","","","","","","","","","","","","","","","","","","","","","","","","2.431","","","2.64818181818182","","2.68166666666667","","2.4707827","","2.61369990909091","","2.46666666666667","","",
"Tonga","TON","Logistics performance index: Ease of arranging competitively priced shipments (1=low to 5=high)","LP.LPI.ITRN.XQ","","","","","","","","","","","","","","","","","","","","","","","","","","","","","","","","","","","","","","","","","","","","","","","","","","","","","","","","","","","","","",
"South Asia (IDA & IBRD)","TSA","Logistics performance index: Ease of arranging competitively priced shipments (1=low to 5=high)","LP.LPI.ITRN.XQ","","","","","","","","","","","","","","","","","","","","","","","","","","","","","","","","","","","","","","","","","","","","","","","","2.27714285714286","","","2.6025","","2.58714285714286","","2.698607375","","2.67692685714286","","2.47875","","",
"Sub-Saharan Africa (IDA & IBRD countries)","TSS","Logistics performance index: Ease of arranging competitively priced shipments (1=low to 5=high)","LP.LPI.ITRN.XQ","","","","","","","","","","","","","","","","","","","","","","","","","","","","","","","","","","","","","","","","","","","","","","","","2.36179487179487","","","2.505","","2.47486486486487","","2.47987173809524","","2.4874352","","2.52102564102564","","",
"Trinidad and Tobago","TTO","Logistics performance index: Ease of arranging competitively priced shipments (1=low to 5=high)","LP.LPI.ITRN.XQ","","","","","","","","","","","","","","","","","","","","","","","","","","","","","","","","","","","","","","","","","","","","","","","","","","","","","","","","","2.308907","","2.59","","",
"Tunisia","TUN","Logistics performance index: Ease of arranging competitively priced shipments (1=low to 5=high)","LP.LPI.ITRN.XQ","","","","","","","","","","","","","","","","","","","","","","","","","","","","","","","","","","","","","","","","","","","","","","","","2.86","","","3.36","","2.88","","2.909091","","2.333333","","2.5","","",
"Turkey","TUR","Logistics performance index: Ease of arranging competitively priced shipments (1=low to 5=high)","LP.LPI.ITRN.XQ","","","","","","","","","","","","","","","","","","","","","","","","","","","","","","","","","","","","","","","","","","","","","","","","3.07","","","3.15","","3.38","","3.182316","","3.412406","","3.06","","",
"Tuvalu","TUV","Logistics performance index: Ease of arranging competitively priced shipments (1=low to 5=high)","LP.LPI.ITRN.XQ","","","","","","","","","","","","","","","","","","","","","","","","","","","","","","","","","","","","","","","","","","","","","","","","","","","","","","","","","","","","","",
"Tanzania","TZA","Logistics performance index: Ease of arranging competitively priced shipments (1=low to 5=high)","LP.LPI.ITRN.XQ","","","","","","","","","","","","","","","","","","","","","","","","","","","","","","","","","","","","","","","","","","","","","","","","2.08","","","2.78","","2.91","","2.317448","","2.982419","","","","",
"Uganda","UGA","Logistics performance index: Ease of arranging competitively priced shipments (1=low to 5=high)","LP.LPI.ITRN.XQ","","","","","","","","","","","","","","","","","","","","","","","","","","","","","","","","","","","","","","","","","","","","","","","","2.42","","","3.02","","","","","","2.878613","","2.76","","",
"Ukraine","UKR","Logistics performance index: Ease of arranging competitively priced shipments (1=low to 5=high)","LP.LPI.ITRN.XQ","","","","","","","","","","","","","","","","","","","","","","","","","","","","","","","","","","","","","","","","","","","","","","","","2.53","","","2.79","","2.72","","2.947146","","2.59231","","2.83","","",
"Upper middle income","UMC","Logistics performance index: Ease of arranging competitively priced shipments (1=low to 5=high)","LP.LPI.ITRN.XQ","","","","","","","","","","","","","","","","","","","","","","","","","","","","","","","","","","","","","","","","","","","","","","","","2.58857142857143","","","2.77441860465116","","2.74930232558139","","2.82312093181818","","2.72365472093023","","2.74214285714286","","",
"Uruguay","URY","Logistics performance index: Ease of arranging competitively priced shipments (1=low to 5=high)","LP.LPI.ITRN.XQ","","","","","","","","","","","","","","","","","","","","","","","","","","","","","","","","","","","","","","","","","","","","","","","","2.4","","","2.77","","2.91","","2.638753","","2.911553","","2.73","","",
"United States","USA","Logistics performance index: Ease of arranging competitively priced shipments (1=low to 5=high)","LP.LPI.ITRN.XQ","","","","","","","","","","","","","","","","","","","","","","","","","","","","","","","","","","","","","","","","","","","","","","","","3.58","","","3.21","","3.56","","3.44804","","3.650306","","3.51","","",
"Uzbekistan","UZB","Logistics performance index: Ease of arranging competitively priced shipments (1=low to 5=high)","LP.LPI.ITRN.XQ","","","","","","","","","","","","","","","","","","","","","","","","","","","","","","","","","","","","","","","","","","","","","","","","2.07","","","2.79","","2.38","","2.225397","","2.361264","","2.42","","",
"St. Vincent and the Grenadines","VCT","Logistics performance index: Ease of arranging competitively priced shipments (1=low to 5=high)","LP.LPI.ITRN.XQ","","","","","","","","","","","","","","","","","","","","","","","","","","","","","","","","","","","","","","","","","","","","","","","","","","","","","","","","","","","","","",
"Venezuela, RB","VEN","Logistics performance index: Ease of arranging competitively priced shipments (1=low to 5=high)","LP.LPI.ITRN.XQ","","","","","","","","","","","","","","","","","","","","","","","","","","","","","","","","","","","","","","","","","","","","","","","","2.69","","","3.05","","2.54","","2.938415","","2.469858","","2.38","","",
"British Virgin Islands","VGB","Logistics performance index: Ease of arranging competitively priced shipments (1=low to 5=high)","LP.LPI.ITRN.XQ","","","","","","","","","","","","","","","","","","","","","","","","","","","","","","","","","","","","","","","","","","","","","","","","","","","","","","","","","","","","","",
"Virgin Islands (U.S.)","VIR","Logistics performance index: Ease of arranging competitively priced shipments (1=low to 5=high)","LP.LPI.ITRN.XQ","","","","","","","","","","","","","","","","","","","","","","","","","","","","","","","","","","","","","","","","","","","","","","","","","","","","","","","","","","","","","",
"Vietnam","VNM","Logistics performance index: Ease of arranging competitively priced shipments (1=low to 5=high)","LP.LPI.ITRN.XQ","","","","","","","","","","","","","","","","","","","","","","","","","","","","","","","","","","","","","","","","","","","","","","","","3","","","3.04","","3.14","","3.217391","","3.123474","","3.16","","",
"Vanuatu","VUT","Logistics performance index: Ease of arranging competitively priced shipments (1=low to 5=high)","LP.LPI.ITRN.XQ","","","","","","","","","","","","","","","","","","","","","","","","","","","","","","","","","","","","","","","","","","","","","","","","","","","","","","","","","","","","","",
"World","WLD","Logistics performance index: Ease of arranging competitively priced shipments (1=low to 5=high)","LP.LPI.ITRN.XQ","","","","","","","","","","","","","","","","","","","","","","","","","","","","","","","","","","","","","","","","","","","","","","","","2.71846666666667","","","2.84522580645161","","2.82701298701299","","2.8643239875","","2.86593981875","","2.8299375","","",
"Samoa","WSM","Logistics performance index: Ease of arranging competitively priced shipments (1=low to 5=high)","LP.LPI.ITRN.XQ","","","","","","","","","","","","","","","","","","","","","","","","","","","","","","","","","","","","","","","","","","","","","","","","","","","","","","","","","","","","","",
"Kosovo","XKX","Logistics performance index: Ease of arranging competitively priced shipments (1=low to 5=high)","LP.LPI.ITRN.XQ","","","","","","","","","","","","","","","","","","","","","","","","","","","","","","","","","","","","","","","","","","","","","","","","","","","","","","","","","","","","","",
"Yemen, Rep.","YEM","Logistics performance index: Ease of arranging competitively priced shipments (1=low to 5=high)","LP.LPI.ITRN.XQ","","","","","","","","","","","","","","","","","","","","","","","","","","","","","","","","","","","","","","","","","","","","","","","","2.2","","","2.24","","3.14","","2.350446","","","","2.21","","",
"South Africa","ZAF","Logistics performance index: Ease of arranging competitively priced shipments (1=low to 5=high)","LP.LPI.ITRN.XQ","","","","","","","","","","","","","","","","","","","","","","","","","","","","","","","","","","","","","","","","","","","","","","","","3.56","","","3.26","","3.5","","3.45","","3.622504","","3.51","","",
"Zambia","ZMB","Logistics performance index: Ease of arranging competitively priced shipments (1=low to 5=high)","LP.LPI.ITRN.XQ","","","","","","","","","","","","","","","","","","","","","","","","","","","","","","","","","","","","","","","","","","","","","","","","2.4","","","2.41","","","","2.128788","","2.514709","","3.05","","",
"Zimbabwe","ZWE","Logistics performance index: Ease of arranging competitively priced shipments (1=low to 5=high)","LP.LPI.ITRN.XQ","","","","","","","","","","","","","","","","","","","","","","","","","","","","","","","","","","","","","","","","","","","","","","","","2.27","","","","","2.67","","2.248457","","2.080183","","2.06","","",
